lemma,cl
/NOUN,1
36/NOUN,2
4/NOUN,3
75/NOUN,4
a/NOUN,5
acid/NOUN,6
b/NOUN,7
bmw/NOUN,8
c/NOUN,9
cd/NOUN,10
ceo/NOUN,11
cf/NOUN,12
dna/NOUN,13
eu/NOUN,14
fifa/NOUN,15
fm/NOUN,16
gcc/NOUN,17
gm/NOUN,18
ibm/NOUN,19
ip/NOUN,20
m/NOUN,21
mbc/NOUN,22
mc/NOUN,23
o/NOUN,24
pc/NOUN,25
sbs/NOUN,26
tv/NOUN,27
uefa/NOUN,28
xml/NOUN,29
가격/NOUN,30
가능성/NOUN,31
가닥/NOUN,32
가사/NOUN,33
가상/NOUN,34
가설/NOUN,35
가수/NOUN,36
가스/NOUN,37
가연성/NOUN,38
가운데/NOUN,39
가전/NOUN,40
가정용/NOUN,41
가족/NOUN,42
가지/NOUN,43
가짜/NOUN,44
가치/NOUN,45
가치관/NOUN,46
가톨릭/NOUN,47
각급/NOUN,48
각도/NOUN,49
각종/NOUN,50
감각/NOUN,51
감독/NOUN,52
감리교/NOUN,53
감사/NOUN,54
값/NOUN,55
강/NOUN,56
강아지/NOUN,57
강원도/NOUN,58
강의/NOUN,59
강제/NOUN,60
개/NOUN,61
개념/NOUN,62
개미/NOUN,63
개발/NOUN,64
개별/NOUN,65
개봉/NOUN,66
개선/NOUN,67
개신교/NOUN,68
개인/NOUN,69
개조/NOUN,70
개풍군/NOUN,71
개혁/NOUN,72
개화파/NOUN,73
객체/NOUN,74
갱신/NOUN,75
거/NOUN,76
거대/NOUN,77
거리/NOUN,78
거주/NOUN,79
거주민/NOUN,80
걱정/NOUN,81
건/NOUN,82
건강/NOUN,83
건물/NOUN,84
건설/NOUN,85
건의/NOUN,86
건축/NOUN,87
건축물/NOUN,88
걸/NOUN,89
검사/NOUN,90
검색/NOUN,91
검정색/NOUN,92
검증/NOUN,93
검진/NOUN,94
것/NOUN,95
것들/NOUN,96
겉보기/NOUN,97
게/NOUN,98
게임/NOUN,99
겨울/NOUN,100
견제/NOUN,101
견해/NOUN,102
결과/NOUN,103
결승/NOUN,104
겹/NOUN,105
경계/NOUN,106
경기/NOUN,107
경기도/NOUN,108
경기장/NOUN,109
경남/NOUN,110
경량/NOUN,111
경력/NOUN,112
경로/NOUN,113
경부고속도로/NOUN,114
경북/NOUN,115
경상북도/NOUN,116
경우/NOUN,117
경위/NOUN,118
경쟁/NOUN,119
경제/NOUN,120
경제학/NOUN,121
경찰/NOUN,122
경향/NOUN,123
경향신문/NOUN,124
경험/NOUN,125
계급/NOUN,126
계산/NOUN,127
계약/NOUN,128
계열사/NOUN,129
계정/NOUN,130
계층/NOUN,131
계획/NOUN,132
고객/NOUN,133
고고학/NOUN,134
고급/NOUN,135
고대/NOUN,136
고도/NOUN,137
고래/NOUN,138
고려/NOUN,139
고리/NOUN,140
고민/NOUN,141
고분/NOUN,142
고생/NOUN,143
고속버스/NOUN,144
고양이/NOUN,145
고위/NOUN,146
고위층/NOUN,147
고유/NOUN,148
고을/NOUN,149
고전/NOUN,150
고지/NOUN,151
고통/NOUN,152
고해/NOUN,153
고향/NOUN,154
곡/NOUN,155
곡물/NOUN,156
골키퍼/NOUN,157
곳/NOUN,158
공/NOUN,159
공간/NOUN,160
공격/NOUN,161
공공/NOUN,162
공관/NOUN,163
공군/NOUN,164
공기/NOUN,165
공동/NOUN,166
공동체/NOUN,167
공명/NOUN,168
공사/NOUN,169
공산권/NOUN,170
공산당/NOUN,171
공산주의/NOUN,172
공식/NOUN,173
공식적/NOUN,174
공안/NOUN,175
공연/NOUN,176
공영/NOUN,177
공원/NOUN,178
공인/NOUN,179
공장/NOUN,180
공전/NOUN,181
공주/NOUN,182
공중/NOUN,183
공항/NOUN,184
공화국/NOUN,185
과/NOUN,186
과거/NOUN,187
과열/NOUN,188
과일/NOUN,189
과잉/NOUN,190
과정/NOUN,191
과학/NOUN,192
과학자/NOUN,193
과학자들/NOUN,194
관객/NOUN,195
관계/NOUN,196
관공서/NOUN,197
관광/NOUN,198
관광지/NOUN,199
관념/NOUN,200
관련/NOUN,201
관료/NOUN,202
관리/NOUN,203
관변/NOUN,204
관심/NOUN,205
관심사/NOUN,206
관점/NOUN,207
관찰자/NOUN,208
관측/NOUN,209
광고/NOUN,210
광물/NOUN,211
광복/NOUN,212
광섬유/NOUN,213
교사/NOUN,214
교사들/NOUN,215
교수/NOUN,216
교양/NOUN,217
교직원/NOUN,218
교통/NOUN,219
교파/NOUN,220
교향곡/NOUN,221
교황/NOUN,222
교회/NOUN,223
교회들/NOUN,224
구/NOUN,225
구간/NOUN,226
구글/NOUN,227
구단/NOUN,228
구동/NOUN,229
구두/NOUN,230
구리/NOUN,231
구매/NOUN,232
구분/NOUN,233
구상/NOUN,234
구성/NOUN,235
구성원/NOUN,236
구이/NOUN,237
구전/NOUN,238
구제/NOUN,239
구조/NOUN,240
구형/NOUN,241
국가/NOUN,242
국가들/NOUN,243
국군/NOUN,244
국기/NOUN,245
국내/NOUN,246
국립/NOUN,247
국립공원/NOUN,248
국민/NOUN,249
국산화/NOUN,250
국어/NOUN,251
국외/NOUN,252
국유화/NOUN,253
국장/NOUN,254
국제/NOUN,255
국회/NOUN,256
군/NOUN,257
군대/NOUN,258
군데/NOUN,259
군사/NOUN,260
군소/NOUN,261
군수/NOUN,262
군인/NOUN,263
군주국/NOUN,264
군주제/NOUN,265
군중/NOUN,266
궁궐/NOUN,267
궁녀/NOUN,268
궁전/NOUN,269
권/NOUN,270
권력/NOUN,271
권총/NOUN,272
궤도/NOUN,273
귀족/NOUN,274
규율/NOUN,275
규정/NOUN,276
규제/NOUN,277
그래픽/NOUN,278
그레고리오/NOUN,279
그루/NOUN,280
그룹/NOUN,281
그리스/NOUN,282
그린/NOUN,283
그림/NOUN,284
극/NOUN,285
극소/NOUN,286
극장/NOUN,287
근거/NOUN,288
근대/NOUN,289
근대식/NOUN,290
근대화/NOUN,291
근원/NOUN,292
근처/NOUN,293
글/NOUN,294
글자/NOUN,295
금/NOUN,296
금속/NOUN,297
금융/NOUN,298
금지/NOUN,299
급진/NOUN,300
급행/NOUN,301
기간/NOUN,302
기계/NOUN,303
기관/NOUN,304
기관차/NOUN,305
기금/NOUN,306
기기/NOUN,307
기념/NOUN,308
기능/NOUN,309
기독교/NOUN,310
기록/NOUN,311
기류/NOUN,312
기름기/NOUN,313
기법/NOUN,314
기본/NOUN,315
기사/NOUN,316
기상/NOUN,317
기술/NOUN,318
기슭/NOUN,319
기억/NOUN,320
기업/NOUN,321
기업인/NOUN,322
기여도/NOUN,323
기존/NOUN,324
기준/NOUN,325
기질/NOUN,326
기체/NOUN,327
기초/NOUN,328
기타/NOUN,329
기타리스트/NOUN,330
기호/NOUN,331
기후/NOUN,332
길/NOUN,333
길이/NOUN,334
김/NOUN,335
김대중/NOUN,336
깃발/NOUN,337
까닭/NOUN,338
꼭대기/NOUN,339
꿈/NOUN,340
나/NOUN,341
나라/NOUN,342
나라들/NOUN,343
나머지/NOUN,344
나무/NOUN,345
나이키/NOUN,346
나치/NOUN,347
나치스/NOUN,348
나카무라/NOUN,349
나하/NOUN,350
나환자/NOUN,351
나흘/NOUN,352
날/NOUN,353
날개/NOUN,354
남동생/NOUN,355
남부/NOUN,356
남북/NOUN,357
남성/NOUN,358
남자/NOUN,359
남쪽/NOUN,360
낭만주의/NOUN,361
내각/NOUN,362
내부/NOUN,363
내용/NOUN,364
내장/NOUN,365
냉전/NOUN,366
너머/NOUN,367
네덜란드/NOUN,368
네트워크/NOUN,369
녀석/NOUN,370
년/NOUN,371
노동/NOUN,372
노동자/NOUN,373
노동조합/NOUN,374
노래/NOUN,375
노력/NOUN,376
노무현/NOUN,377
노선/NOUN,378
노예/NOUN,379
노예제/NOUN,380
녹음/NOUN,381
논/NOUN,382
논란/NOUN,383
논문/NOUN,384
논의/NOUN,385
논쟁/NOUN,386
놀이/NOUN,387
농산물/NOUN,388
농업/NOUN,389
농장/NOUN,390
농지/NOUN,391
농촌/NOUN,392
농축/NOUN,393
누벨/NOUN,394
누이/NOUN,395
눈/NOUN,396
뉴스/NOUN,397
뉴욕/NOUN,398
늑대/NOUN,399
능력/NOUN,400
다국적/NOUN,401
다리/NOUN,402
다음/NOUN,403
다카마쓰/NOUN,404
닥터/NOUN,405
단계/NOUN,406
단기/NOUN,407
단백질/NOUN,408
단어/NOUN,409
단위/NOUN,410
단일/NOUN,411
단점/NOUN,412
단체/NOUN,413
단체들/NOUN,414
단편/NOUN,415
달/NOUN,416
달력/NOUN,417
닷컴/NOUN,418
당/NOUN,419
당시/NOUN,420
당원/NOUN,421
대/NOUN,422
대가/NOUN,423
대검/NOUN,424
대구/NOUN,425
대군/NOUN,426
대규모/NOUN,427
대기/NOUN,428
대기업/NOUN,429
대다수/NOUN,430
대도시/NOUN,431
대륙/NOUN,432
대립/NOUN,433
대비/NOUN,434
대사/NOUN,435
대선/NOUN,436
대소/NOUN,437
대수/NOUN,438
대여/NOUN,439
대역/NOUN,440
대외/NOUN,441
대응/NOUN,442
대의/NOUN,443
대전/NOUN,444
대중/NOUN,445
대체/NOUN,446
대출자/NOUN,447
대통령/NOUN,448
대표/NOUN,449
대표작/NOUN,450
대학/NOUN,451
대학교/NOUN,452
대학원/NOUN,453
대한민국/NOUN,454
대형/NOUN,455
대회/NOUN,456
댄스/NOUN,457
데이터/NOUN,458
도/NOUN,459
도구/NOUN,460
도로/NOUN,461
도박/NOUN,462
도시/NOUN,463
도시들/NOUN,464
도심/NOUN,465
도요타/NOUN,466
도움/NOUN,467
도전/NOUN,468
도지사/NOUN,469
도쿠가와/NOUN,470
도플러/NOUN,471
도호쿠/NOUN,472
독립/NOUN,473
독립운동/NOUN,474
독신/NOUN,475
독일/NOUN,476
독자/NOUN,477
독재/NOUN,478
돈/NOUN,479
동굴/NOUN,480
동기/NOUN,481
동남/NOUN,482
동남아/NOUN,483
동료/NOUN,484
동맹/NOUN,485
동맹국/NOUN,486
동물/NOUN,487
동반/NOUN,488
동방/NOUN,489
동부/NOUN,490
동생/NOUN,491
동서양/NOUN,492
동시/NOUN,493
동양/NOUN,494
동영상/NOUN,495
동작/NOUN,496
동전/NOUN,497
동쪽/NOUN,498
동해/NOUN,499
동화/NOUN,500
돼지고기/NOUN,501
두려움/NOUN,502
뒤/NOUN,503
드라마/NOUN,504
드라이브/NOUN,505
듯/NOUN,506
등/NOUN,507
등급/NOUN,508
등록/NOUN,509
등정/NOUN,510
디스크/NOUN,511
디스플레이/NOUN,512
디자인/NOUN,513
디지털/NOUN,514
딸/NOUN,515
땅/NOUN,516
때/NOUN,517
또래/NOUN,518
라/NOUN,519
라디오/NOUN,520
라이벌/NOUN,521
라이브/NOUN,522
라틴/NOUN,523
라틴어/NOUN,524
러시아/NOUN,525
러시아어/NOUN,526
럭비/NOUN,527
레슬링/NOUN,528
레이저/NOUN,529
렌즈/NOUN,530
로고/NOUN,531
로마/NOUN,532
로마법/NOUN,533
로마자/NOUN,534
로버트/NOUN,535
로봇/NOUN,536
로비/NOUN,537
록/NOUN,538
롯데/NOUN,539
루이스/NOUN,540
루터교/NOUN,541
르네상스/NOUN,542
리그/NOUN,543
리눅스/NOUN,544
링컨/NOUN,545
마그네슘/NOUN,546
마니교/NOUN,547
마드리드/NOUN,548
마리/NOUN,549
마법/NOUN,550
마스터스/NOUN,551
마음/NOUN,552
마지막/NOUN,553
마크업/NOUN,554
막/NOUN,555
만남/NOUN,556
만주/NOUN,557
만큼/NOUN,558
말/NOUN,559
말러/NOUN,560
말씀/NOUN,561
맛/NOUN,562
매/NOUN,563
매체/NOUN,564
맥/NOUN,565
맨체스터/NOUN,566
머신/NOUN,567
메모리/NOUN,568
메시지/NOUN,569
메인/NOUN,570
메일/NOUN,571
멕시코/NOUN,572
멤버/NOUN,573
명/NOUN,574
명령/NOUN,575
명상/NOUN,576
명예/NOUN,577
명제/NOUN,578
명칭/NOUN,579
모/NOUN,580
모델/NOUN,581
모방/NOUN,582
모순/NOUN,583
모습/NOUN,584
모양/NOUN,585
모의/NOUN,586
모피/NOUN,587
목격자/NOUN,588
목관/NOUN,589
목록/NOUN,590
목사/NOUN,591
목재/NOUN,592
목적/NOUN,593
목표/NOUN,594
목표물/NOUN,595
묘사/NOUN,596
무기/NOUN,597
무대/NOUN,598
무료/NOUN,599
무리/NOUN,600
무사/NOUN,601
무선/NOUN,602
무슬림/NOUN,603
무역/NOUN,604
무장/NOUN,605
무차별/NOUN,606
무한/NOUN,607
문/NOUN,608
문과/NOUN,609
문명/NOUN,610
문서/NOUN,611
문예/NOUN,612
문자/NOUN,613
문장/NOUN,614
문제/NOUN,615
문제들/NOUN,616
문체/NOUN,617
문하생/NOUN,618
문학/NOUN,619
문헌/NOUN,620
문화/NOUN,621
물/NOUN,622
물건/NOUN,623
물고기/NOUN,624
물리/NOUN,625
물리학/NOUN,626
물질/NOUN,627
물체/NOUN,628
물품/NOUN,629
미/NOUN,630
미국/NOUN,631
미국인/NOUN,632
미군/NOUN,633
미니/NOUN,634
미드필더/NOUN,635
미들웨어/NOUN,636
미디어/NOUN,637
미분/NOUN,638
미사/NOUN,639
미세/NOUN,640
미쓰비시/NOUN,641
미야기/NOUN,642
미인/NOUN,643
민간/NOUN,644
민선/NOUN,645
민속/NOUN,646
민족/NOUN,647
민족들/NOUN,648
민주/NOUN,649
민주당/NOUN,650
민주주의/NOUN,651
민주화/NOUN,652
밀가루/NOUN,653
바/NOUN,654
바다/NOUN,655
바둑/NOUN,656
바람/NOUN,657
바위/NOUN,658
바탕/NOUN,659
박/NOUN,660
박물관/NOUN,661
박사/NOUN,662
박정희/NOUN,663
박해/NOUN,664
반경/NOUN,665
반대/NOUN,666
반도체/NOUN,667
반란/NOUN,668
반면/NOUN,669
반응/NOUN,670
발/NOUN,671
발견/NOUN,672
발달/NOUN,673
발명/NOUN,674
발생/NOUN,675
발언/NOUN,676
발의/NOUN,677
발자국/NOUN,678
발전/NOUN,679
발표/NOUN,680
발행/NOUN,681
방법/NOUN,682
방사선/NOUN,683
방송/NOUN,684
방송국/NOUN,685
방식/NOUN,686
방어/NOUN,687
방언/NOUN,688
배/NOUN,689
배경/NOUN,690
배우/NOUN,691
백두산/NOUN,692
백색/NOUN,693
백신/NOUN,694
밴드/NOUN,695
뱀/NOUN,696
버디/NOUN,697
버스/NOUN,698
버전/NOUN,699
버지니아/NOUN,700
번/NOUN,701
번역/NOUN,702
번호/NOUN,703
범죄/NOUN,704
법률/NOUN,705
법안/NOUN,706
법정/NOUN,707
벗/NOUN,708
베를린/NOUN,709
베스트/NOUN,710
베트남/NOUN,711
벤더/NOUN,712
변수/NOUN,713
변화/NOUN,714
변환/NOUN,715
별/NOUN,716
병/NOUN,717
보급/NOUN,718
보도/NOUN,719
보상/NOUN,720
보수/NOUN,721
보스/NOUN,722
보안/NOUN,723
보존/NOUN,724
보호/NOUN,725
복지/NOUN,726
본당/NOUN,727
본사/NOUN,728
볼/NOUN,729
봉건/NOUN,730
봉기/NOUN,731
부근/NOUN,732
부대/NOUN,733
부동/NOUN,734
부분/NOUN,735
부속/NOUN,736
부위/NOUN,737
부자/NOUN,738
부족/NOUN,739
부처/NOUN,740
부품/NOUN,741
부하/NOUN,742
부호화/NOUN,743
북군/NOUN,744
북동쪽/NOUN,745
북면/NOUN,746
북방/NOUN,747
북부/NOUN,748
북서/NOUN,749
북아메리카/NOUN,750
북중미/NOUN,751
북쪽/NOUN,752
북한/NOUN,753
분/NOUN,754
분과/NOUN,755
분류/NOUN,756
분리/NOUN,757
분배/NOUN,758
분석/NOUN,759
분야/NOUN,760
분위기/NOUN,761
분자/NOUN,762
분쟁/NOUN,763
분할/NOUN,764
분해/NOUN,765
분화/NOUN,766
불/NOUN,767
불가능/NOUN,768
불교/NOUN,769
불법/NOUN,770
불사/NOUN,771
붕괴/NOUN,772
브라이언/NOUN,773
브라질/NOUN,774
브랜드/NOUN,775
블로그/NOUN,776
블로깅/NOUN,777
블록/NOUN,778
비/NOUN,779
비공식/NOUN,780
비극/NOUN,781
비디오/NOUN,782
비용/NOUN,783
비유클리드/NOUN,784
비즈니스/NOUN,785
비토리오/NOUN,786
비판/NOUN,787
비평가/NOUN,788
비행기/NOUN,789
빈부/NOUN,790
빌딩/NOUN,791
빌딩들/NOUN,792
빙하/NOUN,793
사건/NOUN,794
사교/NOUN,795
사단/NOUN,796
사도/NOUN,797
사람/NOUN,798
사람들/NOUN,799
사랑/NOUN,800
사령탑/NOUN,801
사례/NOUN,802
사립/NOUN,803
사망/NOUN,804
사무/NOUN,805
사무라이/NOUN,806
사무실/NOUN,807
사무총장/NOUN,808
사법/NOUN,809
사변/NOUN,810
사병/NOUN,811
사상/NOUN,812
사슴/NOUN,813
사실/NOUN,814
사양/NOUN,815
사업/NOUN,816
사용/NOUN,817
사용자/NOUN,818
사운드/NOUN,819
사유/NOUN,820
사이비/NOUN,821
사이트/NOUN,822
사장/NOUN,823
사전/NOUN,824
사정/NOUN,825
사진/NOUN,826
사철/NOUN,827
사항/NOUN,828
사형/NOUN,829
사회/NOUN,830
사회과학/NOUN,831
사회주의/NOUN,832
사회주의자/NOUN,833
산/NOUN,834
산맥/NOUN,835
산악/NOUN,836
산양/NOUN,837
산업/NOUN,838
산업용/NOUN,839
산출/NOUN,840
삶/NOUN,841
삼각/NOUN,842
삼국/NOUN,843
삼성/NOUN,844
상/NOUN,845
상가/NOUN,846
상대/NOUN,847
상부/NOUN,848
상세/NOUN,849
상수/NOUN,850
상업/NOUN,851
상원/NOUN,852
상위/NOUN,853
상임/NOUN,854
상자/NOUN,855
상전/NOUN,856
상처/NOUN,857
상태/NOUN,858
상품/NOUN,859
상호/NOUN,860
상황/NOUN,861
새끼/NOUN,862
색/NOUN,863
샘/NOUN,864
생각/NOUN,865
생명/NOUN,866
생물/NOUN,867
생물학/NOUN,868
생산/NOUN,869
생선/NOUN,870
생성/NOUN,871
생체/NOUN,872
생태계/NOUN,873
생활/NOUN,874
샤를/NOUN,875
샤리아/NOUN,876
서민/NOUN,877
서방/NOUN,878
서버/NOUN,879
서부/NOUN,880
서비스/NOUN,881
서식지/NOUN,882
서양/NOUN,883
서울/NOUN,884
서적/NOUN,885
서점/NOUN,886
서정/NOUN,887
서초구/NOUN,888
석유/NOUN,889
석조/NOUN,890
선거/NOUN,891
선박/NOUN,892
선배/NOUN,893
선생/NOUN,894
선생님/NOUN,895
선수/NOUN,896
선전/NOUN,897
선출/NOUN,898
선출직/NOUN,899
선택/NOUN,900
설/NOUN,901
설계/NOUN,902
설득력/NOUN,903
설명/NOUN,904
설치/NOUN,905
섬/NOUN,906
섬유/NOUN,907
성/NOUN,908
성격/NOUN,909
성경/NOUN,910
성공회/NOUN,911
성과/NOUN,912
성당/NOUN,913
성의/NOUN,914
성인/NOUN,915
성적/NOUN,916
성주/NOUN,917
성직자/NOUN,918
성질/NOUN,919
성추행/NOUN,920
성폭행/NOUN,921
성향/NOUN,922
세/NOUN,923
세계/NOUN,924
세계관/NOUN,925
세계인/NOUN,926
세계적/NOUN,927
세계화/NOUN,928
세기/NOUN,929
세라믹/NOUN,930
세력/NOUN,931
세부/NOUN,932
세속/NOUN,933
세월/NOUN,934
세포/NOUN,935
섹스/NOUN,936
센다이/NOUN,937
센트럴/NOUN,938
셀레늄/NOUN,939
소/NOUN,940
소규모/NOUN,941
소금/NOUN,942
소녀/NOUN,943
소도시/NOUN,944
소득/NOUN,945
소득세/NOUN,946
소련/NOUN,947
소리/NOUN,948
소비에트/NOUN,949
소설/NOUN,950
소속/NOUN,951
소속사/NOUN,952
소수/NOUN,953
소스/NOUN,954
소식/NOUN,955
소위/NOUN,956
소재/NOUN,957
소프트웨어/NOUN,958
속/NOUN,959
속국/NOUN,960
속도/NOUN,961
속성/NOUN,962
손/NOUN,963
손가락/NOUN,964
쇼핑/NOUN,965
수/NOUN,966
수도/NOUN,967
수도권/NOUN,968
수도사/NOUN,969
수도원/NOUN,970
수력/NOUN,971
수리/NOUN,972
수색/NOUN,973
수소/NOUN,974
수식/NOUN,975
수입/NOUN,976
수치/NOUN,977
수학/NOUN,978
수행/NOUN,979
순결/NOUN,980
순서/NOUN,981
순위/NOUN,982
순환/NOUN,983
숲/NOUN,984
슈퍼/NOUN,985
스위스/NOUN,986
스코틀랜드/NOUN,987
스키장/NOUN,988
스타/NOUN,989
스타일/NOUN,990
스토리/NOUN,991
스튜디오/NOUN,992
스페셜/NOUN,993
스페인/NOUN,994
스포츠/NOUN,995
스폰서/NOUN,996
슬픔/NOUN,997
승강장/NOUN,998
승점/NOUN,999
시/NOUN,1000
시가/NOUN,1001
시가지/NOUN,1002
시각/NOUN,1003
시간/NOUN,1004
시간제/NOUN,1005
시기/NOUN,1006
시대/NOUN,1007
시도/NOUN,1008
시동/NOUN,1009
시련/NOUN,1010
시리아/NOUN,1011
시리즈/NOUN,1012
시민/NOUN,1013
시설물/NOUN,1014
시스템/NOUN,1015
시인/NOUN,1016
시일/NOUN,1017
시작/NOUN,1018
시장/NOUN,1019
시절/NOUN,1020
시중/NOUN,1021
시즌/NOUN,1022
시청/NOUN,1023
시청자/NOUN,1024
시험/NOUN,1025
식/NOUN,1026
식당/NOUN,1027
식량/NOUN,1028
식료품/NOUN,1029
식물/NOUN,1030
식물성/NOUN,1031
식민/NOUN,1032
식민지/NOUN,1033
식생활/NOUN,1034
식품/NOUN,1035
신/NOUN,1036
신경/NOUN,1037
신곡/NOUN,1038
신들/NOUN,1039
신라계/NOUN,1040
신뢰/NOUN,1041
신문/NOUN,1042
신문사/NOUN,1043
신분/NOUN,1044
신사/NOUN,1045
신생/NOUN,1046
신성/NOUN,1047
신세계/NOUN,1048
신심/NOUN,1049
신앙/NOUN,1050
신약/NOUN,1051
신인/NOUN,1052
신임/NOUN,1053
신자/NOUN,1054
신학/NOUN,1055
신한은행/NOUN,1056
신흥/NOUN,1057
실력자/NOUN,1058
실리콘/NOUN,1059
실수/NOUN,1060
실외/NOUN,1061
실행/NOUN,1062
실험/NOUN,1063
실현/NOUN,1064
심리/NOUN,1065
심의/NOUN,1066
싱글/NOUN,1067
싸구려/NOUN,1068
씨족/NOUN,1069
아나톨리아/NOUN,1070
아날로그/NOUN,1071
아내/NOUN,1072
아들/NOUN,1073
아래/NOUN,1074
아름다움/NOUN,1075
아메리카/NOUN,1076
아메리칸/NOUN,1077
아버지/NOUN,1078
아시아/NOUN,1079
아이돌/NOUN,1080
아이들/NOUN,1081
아이비리그/NOUN,1082
아일랜드/NOUN,1083
아자이/NOUN,1084
아침/NOUN,1085
아프리카/NOUN,1086
악당/NOUN,1087
악마/NOUN,1088
안기부/NOUN,1089
안전/NOUN,1090
안토니오/NOUN,1091
알/NOUN,1092
알칼리/NOUN,1093
알코올/NOUN,1094
알콜/NOUN,1095
알파/NOUN,1096
알파벳/NOUN,1097
암/NOUN,1098
암석/NOUN,1099
암호/NOUN,1100
암흑/NOUN,1101
압축/NOUN,1102
애니메이션/NOUN,1103
애칭/NOUN,1104
애플/NOUN,1105
앤/NOUN,1106
앨리스/NOUN,1107
앨범/NOUN,1108
야간/NOUN,1109
야구/NOUN,1110
야마토/NOUN,1111
야생/NOUN,1112
야심/NOUN,1113
약/NOUN,1114
약물/NOUN,1115
약소/NOUN,1116
약속/NOUN,1117
약점/NOUN,1118
약초/NOUN,1119
약혼자/NOUN,1120
양/NOUN,1121
양반/NOUN,1122
양자/NOUN,1123
양쪽/NOUN,1124
양키/NOUN,1125
얘기/NOUN,1126
어/NOUN,1127
어느날/NOUN,1128
어려움/NOUN,1129
어류/NOUN,1130
어원/NOUN,1131
억/NOUN,1132
언덕/NOUN,1133
언론/NOUN,1134
언어/NOUN,1135
얼굴/NOUN,1136
얼음/NOUN,1137
업그레이드/NOUN,1138
업무/NOUN,1139
에너지/NOUN,1140
에스파냐/NOUN,1141
엔터테인먼트/NOUN,1142
여덟/NOUN,1143
여동생/NOUN,1144
여러가지/NOUN,1145
여름/NOUN,1146
여배우/NOUN,1147
여성/NOUN,1148
여인/NOUN,1149
여자/NOUN,1150
여타/NOUN,1151
여학생/NOUN,1152
여행/NOUN,1153
역/NOUN,1154
역대/NOUN,1155
역사/NOUN,1156
역사가/NOUN,1157
역할/NOUN,1158
연결/NOUN,1159
연관/NOUN,1160
연구/NOUN,1161
연구소/NOUN,1162
연극/NOUN,1163
연기/NOUN,1164
연기자/NOUN,1165
연대기/NOUN,1166
연도/NOUN,1167
연료/NOUN,1168
연방/NOUN,1169
연습/NOUN,1170
연예/NOUN,1171
연인/NOUN,1172
연주/NOUN,1173
연합/NOUN,1174
연합군/NOUN,1175
열/NOUN,1176
열역학/NOUN,1177
열차/NOUN,1178
염기/NOUN,1179
염소/NOUN,1180
영광/NOUN,1181
영국/NOUN,1182
영국인/NOUN,1183
영상/NOUN,1184
영어/NOUN,1185
영업/NOUN,1186
영역/NOUN,1187
영주/NOUN,1188
영토/NOUN,1189
영향력/NOUN,1190
영화/NOUN,1191
영화배우/NOUN,1192
예/NOUN,1193
예능/NOUN,1194
예방/NOUN,1195
예배/NOUN,1196
예상/NOUN,1197
예술/NOUN,1198
예약/NOUN,1199
예외/NOUN,1200
예일/NOUN,1201
옐로우/NOUN,1202
옛날/NOUN,1203
오늘/NOUN,1204
오디오/NOUN,1205
오스만/NOUN,1206
오스트레일리아/NOUN,1207
오카다/NOUN,1208
오토바이/NOUN,1209
오페라/NOUN,1210
오프닝/NOUN,1211
오픈/NOUN,1212
온도/NOUN,1213
온라인/NOUN,1214
옵션/NOUN,1215
옷/NOUN,1216
왕/NOUN,1217
왕국/NOUN,1218
왕비/NOUN,1219
왕자/NOUN,1220
왕조/NOUN,1221
왕족/NOUN,1222
외교/NOUN,1223
외국/NOUN,1224
외부/NOUN,1225
요구/NOUN,1226
요리/NOUN,1227
요새/NOUN,1228
요소/NOUN,1229
요인/NOUN,1230
요즈음/NOUN,1231
요한/NOUN,1232
용어/NOUN,1233
우라늄/NOUN,1234
우승/NOUN,1235
우익/NOUN,1236
우주/NOUN,1237
우체국/NOUN,1238
우표/NOUN,1239
우호/NOUN,1240
운동/NOUN,1241
운문/NOUN,1242
운영/NOUN,1243
운전/NOUN,1244
운하/NOUN,1245
운행/NOUN,1246
원/NOUN,1247
원거리/NOUN,1248
원로원/NOUN,1249
원리/NOUN,1250
원숭이/NOUN,1251
원시/NOUN,1252
원인/NOUN,1253
원자/NOUN,1254
원자로/NOUN,1255
원정/NOUN,1256
원주민/NOUN,1257
원판/NOUN,1258
월간/NOUN,1259
월드/NOUN,1260
월드컵/NOUN,1261
웨이브/NOUN,1262
웸블리/NOUN,1263
웹/NOUN,1264
위/NOUN,1265
위성/NOUN,1266
위원회/NOUN,1267
위치/NOUN,1268
위험/NOUN,1269
위협/NOUN,1270
윈도/NOUN,1271
윈도우/NOUN,1272
유가/NOUN,1273
유고슬라비아/NOUN,1274
유기/NOUN,1275
유나이티드/NOUN,1276
유대/NOUN,1277
유도/NOUN,1278
유동/NOUN,1279
유럽/NOUN,1280
유력/NOUN,1281
유명/NOUN,1282
유목/NOUN,1283
유목민/NOUN,1284
유사/NOUN,1285
유성/NOUN,1286
유엔/NOUN,1287
유적지/NOUN,1288
유전/NOUN,1289
유전자/NOUN,1290
유체/NOUN,1291
유통/NOUN,1292
유형/NOUN,1293
육군/NOUN,1294
육상/NOUN,1295
육체/NOUN,1296
융기/NOUN,1297
은하/NOUN,1298
은행/NOUN,1299
음/NOUN,1300
음반/NOUN,1301
음식/NOUN,1302
음악/NOUN,1303
음악가/NOUN,1304
응용/NOUN,1305
응원/NOUN,1306
응축/NOUN,1307
의견/NOUN,1308
의도/NOUN,1309
의료/NOUN,1310
의문/NOUN,1311
의미/NOUN,1312
의미상/NOUN,1313
의사/NOUN,1314
의식/NOUN,1315
의심/NOUN,1316
의원/NOUN,1317
의혹/NOUN,1318
의회/NOUN,1319
이교/NOUN,1320
이동/NOUN,1321
이동용/NOUN,1322
이득/NOUN,1323
이란/NOUN,1324
이래/NOUN,1325
이론/NOUN,1326
이름/NOUN,1327
이메일/NOUN,1328
이명박/NOUN,1329
이미지/NOUN,1330
이민족/NOUN,1331
이벤트/NOUN,1332
이사/NOUN,1333
이상/NOUN,1334
이스라엘/NOUN,1335
이슬람/NOUN,1336
이야기/NOUN,1337
이외/NOUN,1338
이용/NOUN,1339
이웃/NOUN,1340
이유/NOUN,1341
이익/NOUN,1342
이전/NOUN,1343
이집트/NOUN,1344
이탈리아/NOUN,1345
이틀/NOUN,1346
인간/NOUN,1347
인격/NOUN,1348
인공/NOUN,1349
인구/NOUN,1350
인근/NOUN,1351
인기/NOUN,1352
인도/NOUN,1353
인디언/NOUN,1354
인력/NOUN,1355
인류/NOUN,1356
인명/NOUN,1357
인물/NOUN,1358
인물들/NOUN,1359
인사/NOUN,1360
인생/NOUN,1361
인쇄/NOUN,1362
인스턴트/NOUN,1363
인식/NOUN,1364
인연/NOUN,1365
인용/NOUN,1366
인적/NOUN,1367
인접/NOUN,1368
인질/NOUN,1369
인체/NOUN,1370
인코딩/NOUN,1371
인터넷/NOUN,1372
인터뷰/NOUN,1373
인터페이스/NOUN,1374
일/NOUN,1375
일류/NOUN,1376
일리노이/NOUN,1377
일반/NOUN,1378
일반적/NOUN,1379
일방/NOUN,1380
일본/NOUN,1381
일본식/NOUN,1382
일본어/NOUN,1383
일본인/NOUN,1384
일부/NOUN,1385
일원/NOUN,1386
일행/NOUN,1387
임계/NOUN,1388
임금/NOUN,1389
임진왜란/NOUN,1390
입력/NOUN,1391
입수/NOUN,1392
입자/NOUN,1393
입출력/NOUN,1394
잉글랜드/NOUN,1395
잎/NOUN,1396
자/NOUN,1397
자가/NOUN,1398
자기/NOUN,1399
자기장/NOUN,1400
자동/NOUN,1401
자동차/NOUN,1402
자료/NOUN,1403
자리/NOUN,1404
자바/NOUN,1405
자본주의/NOUN,1406
자산/NOUN,1407
자선/NOUN,1408
자아/NOUN,1409
자연/NOUN,1410
자연과학/NOUN,1411
자원/NOUN,1412
자위대/NOUN,1413
자유/NOUN,1414
자전거/NOUN,1415
자질/NOUN,1416
자치/NOUN,1417
자회사/NOUN,1418
작가/NOUN,1419
작가들/NOUN,1420
작곡/NOUN,1421
작곡가/NOUN,1422
작동/NOUN,1423
작물/NOUN,1424
작용/NOUN,1425
작전/NOUN,1426
작품/NOUN,1427
잡지/NOUN,1428
장/NOUN,1429
장갑/NOUN,1430
장교/NOUN,1431
장군/NOUN,1432
장난/NOUN,1433
장대높이뛰기/NOUN,1434
장르/NOUN,1435
장소/NOUN,1436
장수/NOUN,1437
장애/NOUN,1438
장치/NOUN,1439
장편/NOUN,1440
재결합/NOUN,1441
재능/NOUN,1442
재료/NOUN,1443
재미/NOUN,1444
재산/NOUN,1445
재생/NOUN,1446
재야/NOUN,1447
재위/NOUN,1448
재정/NOUN,1449
재주/NOUN,1450
재즈/NOUN,1451
재판/NOUN,1452
잭/NOUN,1453
저가/NOUN,1454
저녁/NOUN,1455
저명/NOUN,1456
저서/NOUN,1457
저술/NOUN,1458
저작/NOUN,1459
저장/NOUN,1460
저질/NOUN,1461
저항/NOUN,1462
적/NOUN,1463
적대/NOUN,1464
적색/NOUN,1465
적이/NOUN,1466
전/NOUN,1467
전기/NOUN,1468
전라북도/NOUN,1469
전략/NOUN,1470
전례/NOUN,1471
전문가/NOUN,1472
전사자/NOUN,1473
전설/NOUN,1474
전속/NOUN,1475
전술/NOUN,1476
전승/NOUN,1477
전신/NOUN,1478
전역/NOUN,1479
전용/NOUN,1480
전자/NOUN,1481
전자제품/NOUN,1482
전쟁/NOUN,1483
전제/NOUN,1484
전직/NOUN,1485
전차/NOUN,1486
전통/NOUN,1487
전투/NOUN,1488
전투기/NOUN,1489
절반/NOUN,1490
절차/NOUN,1491
점/NOUN,1492
점수/NOUN,1493
점포/NOUN,1494
점프/NOUN,1495
접근/NOUN,1496
정/NOUN,1497
정계/NOUN,1498
정권/NOUN,1499
정규/NOUN,1500
정규직/NOUN,1501
정당/NOUN,1502
정면/NOUN,1503
정보/NOUN,1504
정복/NOUN,1505
정부/NOUN,1506
정상/NOUN,1507
정세/NOUN,1508
정식/NOUN,1509
정신/NOUN,1510
정신과/NOUN,1511
정의/NOUN,1512
정적/NOUN,1513
정죄/NOUN,1514
정주영/NOUN,1515
정책/NOUN,1516
정치/NOUN,1517
정치가/NOUN,1518
정통/NOUN,1519
정황/NOUN,1520
제/NOUN,1521
제공/NOUN,1522
제국/NOUN,1523
제국주의/NOUN,1524
제단/NOUN,1525
제사/NOUN,1526
제식/NOUN,1527
제약/NOUN,1528
제어/NOUN,1529
제자/NOUN,1530
제작/NOUN,1531
제작사/NOUN,1532
제재/NOUN,1533
제정/NOUN,1534
제조업/NOUN,1535
제주도/NOUN,1536
제트/NOUN,1537
제품/NOUN,1538
제한/NOUN,1539
조/NOUN,1540
조각/NOUN,1541
조건/NOUN,1542
조건들/NOUN,1543
조명/NOUN,1544
조사/NOUN,1545
조선/NOUN,1546
조선인/NOUN,1547
조선총독부/NOUN,1548
조약/NOUN,1549
조작/NOUN,1550
조정/NOUN,1551
조종사/NOUN,1552
조직/NOUN,1553
조치/NOUN,1554
조카/NOUN,1555
조합/NOUN,1556
조화/NOUN,1557
족장/NOUN,1558
존재/NOUN,1559
종/NOUN,1560
종교/NOUN,1561
종들/NOUN,1562
종류/NOUN,1563
종목/NOUN,1564
종양/NOUN,1565
종이/NOUN,1566
종족/NOUN,1567
종파/NOUN,1568
종합/NOUN,1569
좌익/NOUN,1570
좌절/NOUN,1571
좌파/NOUN,1572
주/NOUN,1573
주가/NOUN,1574
주교/NOUN,1575
주도/NOUN,1576
주력/NOUN,1577
주류/NOUN,1578
주문/NOUN,1579
주변/NOUN,1580
주사/NOUN,1581
주소/NOUN,1582
주요/NOUN,1583
주의/NOUN,1584
주인/NOUN,1585
주인공/NOUN,1586
주일/NOUN,1587
주장/NOUN,1588
주파수/NOUN,1589
주행/NOUN,1590
준비/NOUN,1591
줄/NOUN,1592
중간/NOUN,1593
중국/NOUN,1594
중국어/NOUN,1595
중국인/NOUN,1596
중기/NOUN,1597
중남미/NOUN,1598
중년/NOUN,1599
중대/NOUN,1600
중독/NOUN,1601
중동/NOUN,1602
중복/NOUN,1603
중세/NOUN,1604
중심/NOUN,1605
중앙/NOUN,1606
중앙아시아/NOUN,1607
중요/NOUN,1608
증가/NOUN,1609
증거/NOUN,1610
증기/NOUN,1611
증산/NOUN,1612
지/NOUN,1613
지각/NOUN,1614
지구/NOUN,1615
지구의/NOUN,1616
지대/NOUN,1617
지도/NOUN,1618
지도부/NOUN,1619
지명/NOUN,1620
지방/NOUN,1621
지방도/NOUN,1622
지상/NOUN,1623
지식/NOUN,1624
지역/NOUN,1625
지역주의/NOUN,1626
지연/NOUN,1627
지위/NOUN,1628
지정/NOUN,1629
지주/NOUN,1630
지지/NOUN,1631
지진/NOUN,1632
지출/NOUN,1633
지평/NOUN,1634
지폐/NOUN,1635
지표/NOUN,1636
지혜/NOUN,1637
직물/NOUN,1638
직선/NOUN,1639
직업/NOUN,1640
진공/NOUN,1641
진도/NOUN,1642
진동/NOUN,1643
진화/NOUN,1644
질량/NOUN,1645
질병/NOUN,1646
집/NOUN,1647
집권/NOUN,1648
집단/NOUN,1649
집안/NOUN,1650
집정관/NOUN,1651
집주인/NOUN,1652
집합/NOUN,1653
짓/NOUN,1654
쪽/NOUN,1655
차/NOUN,1656
차량/NOUN,1657
차례/NOUN,1658
차이/NOUN,1659
차장/NOUN,1660
차트/NOUN,1661
참여/NOUN,1662
참전/NOUN,1663
창의/NOUN,1664
채/NOUN,1665
채권/NOUN,1666
채널/NOUN,1667
책/NOUN,1668
책임/NOUN,1669
처리/NOUN,1670
척/NOUN,1671
천/NOUN,1672
천문대/NOUN,1673
천문학/NOUN,1674
천연/NOUN,1675
천재/NOUN,1676
천주교/NOUN,1677
천체/NOUN,1678
천황/NOUN,1679
철강/NOUN,1680
철길/NOUN,1681
철도/NOUN,1682
철자/NOUN,1683
첨단/NOUN,1684
청년/NOUN,1685
청색/NOUN,1686
청소년/NOUN,1687
청중/NOUN,1688
체중/NOUN,1689
체코/NOUN,1690
체험/NOUN,1691
초/NOUN,1692
초기/NOUN,1693
초대/NOUN,1694
초대형/NOUN,1695
초등학교/NOUN,1696
초창기/NOUN,1697
촌락/NOUN,1698
총독/NOUN,1699
총리/NOUN,1700
총장/NOUN,1701
촬영/NOUN,1702
최고/NOUN,1703
최신/NOUN,1704
최종/NOUN,1705
추가/NOUN,1706
추리/NOUN,1707
추억/NOUN,1708
축구/NOUN,1709
축제/NOUN,1710
축하/NOUN,1711
출력/NOUN,1712
출발/NOUN,1713
출시/NOUN,1714
출판사/NOUN,1715
충격/NOUN,1716
충청남도/NOUN,1717
측면/NOUN,1718
측정/NOUN,1719
층/NOUN,1720
친구/NOUN,1721
친구들/NOUN,1722
친정/NOUN,1723
침체/NOUN,1724
카메라/NOUN,1725
카메오/NOUN,1726
카페인/NOUN,1727
카프/NOUN,1728
칼날/NOUN,1729
캐나다/NOUN,1730
캐논/NOUN,1731
캐릭터/NOUN,1732
캐스터/NOUN,1733
캘리포니아/NOUN,1734
캠퍼스/NOUN,1735
커뮤니티/NOUN,1736
커피/NOUN,1737
컴퓨터/NOUN,1738
컵/NOUN,1739
컷/NOUN,1740
케빈/NOUN,1741
케이블/NOUN,1742
코너/NOUN,1743
코드/NOUN,1744
코시/NOUN,1745
콘크리트/NOUN,1746
콜롬비아/NOUN,1747
크리스마스/NOUN,1748
클래스/NOUN,1749
클래식/NOUN,1750
클럽/NOUN,1751
키/NOUN,1752
타/NOUN,1753
타국/NOUN,1754
타워/NOUN,1755
타이/NOUN,1756
타이거/NOUN,1757
타이완/NOUN,1758
타이틀/NOUN,1759
탄생/NOUN,1760
탄소/NOUN,1761
탄압/NOUN,1762
탄화수소/NOUN,1763
탐사/NOUN,1764
탐험가/NOUN,1765
태도/NOUN,1766
태양계/NOUN,1767
태조/NOUN,1768
태평양/NOUN,1769
테마/NOUN,1770
텍스트/NOUN,1771
텔레비전/NOUN,1772
토론/NOUN,1773
토마스/NOUN,1774
토성/NOUN,1775
토양/NOUN,1776
토의/NOUN,1777
토지/NOUN,1778
토착/NOUN,1779
통신/NOUN,1780
통화/NOUN,1781
투르크계/NOUN,1782
투수/NOUN,1783
투쟁/NOUN,1784
튜링/NOUN,1785
트릭/NOUN,1786
특별/NOUN,1787
특색/NOUN,1788
특성/NOUN,1789
특수/NOUN,1790
특정/NOUN,1791
특징/NOUN,1792
티비/NOUN,1793
팀/NOUN,1794
파라과이/NOUN,1795
파열음/NOUN,1796
파일/NOUN,1797
파트/NOUN,1798
판/NOUN,1799
판단/NOUN,1800
패/NOUN,1801
패러다임/NOUN,1802
패스트푸드/NOUN,1803
패키지/NOUN,1804
패킷/NOUN,1805
패턴/NOUN,1806
팬/NOUN,1807
페르시아/NOUN,1808
편/NOUN,1809
편의/NOUN,1810
평균/NOUN,1811
평생/NOUN,1812
평화/NOUN,1813
포/NOUN,1814
포르투갈/NOUN,1815
포르투갈어/NOUN,1816
포스트/NOUN,1817
포털/NOUN,1818
폭/NOUN,1819
폭력/NOUN,1820
폭풍/NOUN,1821
폴란드/NOUN,1822
표면/NOUN,1823
표본/NOUN,1824
표준/NOUN,1825
표현/NOUN,1826
풋볼/NOUN,1827
풍속/NOUN,1828
프란시스코/NOUN,1829
프랑스/NOUN,1830
프로/NOUN,1831
프로그램/NOUN,1832
프로세스/NOUN,1833
프로젝트/NOUN,1834
플라스틱/NOUN,1835
플래시/NOUN,1836
플랫폼/NOUN,1837
플레이/NOUN,1838
피복/NOUN,1839
피아노곡/NOUN,1840
피에르/NOUN,1841
피해/NOUN,1842
필리핀/NOUN,1843
필수/NOUN,1844
핑크/NOUN,1845
하계/NOUN,1846
하드웨어/NOUN,1847
하루/NOUN,1848
하부/NOUN,1849
하위/NOUN,1850
학교/NOUN,1851
학기/NOUN,1852
학문/NOUN,1853
학생/NOUN,1854
학생들/NOUN,1855
학설/NOUN,1856
학술/NOUN,1857
학업/NOUN,1858
학자들/NOUN,1859
학파/NOUN,1860
한가지/NOUN,1861
한계/NOUN,1862
한국/NOUN,1863
한국민주당/NOUN,1864
한국어/NOUN,1865
한글/NOUN,1866
한나라당/NOUN,1867
한발/NOUN,1868
한복/NOUN,1869
한자/NOUN,1870
한쪽/NOUN,1871
한차례/NOUN,1872
한편/NOUN,1873
함대/NOUN,1874
합성/NOUN,1875
합창곡/NOUN,1876
항공/NOUN,1877
항공기/NOUN,1878
항구/NOUN,1879
항목/NOUN,1880
항성/NOUN,1881
해/NOUN,1882
해당/NOUN,1883
해방/NOUN,1884
해부학/NOUN,1885
해상도/NOUN,1886
해석/NOUN,1887
해안/NOUN,1888
해양/NOUN,1889
해외/NOUN,1890
해저/NOUN,1891
핵/NOUN,1892
핵심/NOUN,1893
햄버거/NOUN,1894
행동/NOUN,1895
행사/NOUN,1896
행성/NOUN,1897
행위/NOUN,1898
행정/NOUN,1899
향수/NOUN,1900
허브/NOUN,1901
허수아비/NOUN,1902
허용/NOUN,1903
헌법/NOUN,1904
혁명/NOUN,1905
혁신/NOUN,1906
현/NOUN,1907
현대/NOUN,1908
현상/NOUN,1909
현재/NOUN,1910
현지/NOUN,1911
혈관/NOUN,1912
협력/NOUN,1913
협상/NOUN,1914
협업/NOUN,1915
협의/NOUN,1916
형/NOUN,1917
형성/NOUN,1918
형세/NOUN,1919
형식/NOUN,1920
형용사/NOUN,1921
형제/NOUN,1922
형제들/NOUN,1923
형태/NOUN,1924
호텔/NOUN,1925
호흡/NOUN,1926
혼돈/NOUN,1927
혼란/NOUN,1928
홀/NOUN,1929
홀수/NOUN,1930
홈/NOUN,1931
홍보/NOUN,1932
홍수/NOUN,1933
홍콩/NOUN,1934
화면/NOUN,1935
화산/NOUN,1936
화석/NOUN,1937
화염/NOUN,1938
화재/NOUN,1939
화폐/NOUN,1940
화학/NOUN,1941
화합물/NOUN,1942
확률/NOUN,1943
확장/NOUN,1944
환경/NOUN,1945
환관/NOUN,1946
환율/NOUN,1947
환자들/NOUN,1948
활동/NOUN,1949
황금/NOUN,1950
황제/NOUN,1951
회/NOUN,1952
회사/NOUN,1953
회원/NOUN,1954
회원국/NOUN,1955
회원들/NOUN,1956
회의/NOUN,1957
회장/NOUN,1958
회전/NOUN,1959
효소/NOUN,1960
후/NOUN,1961
후보/NOUN,1962
후세/NOUN,1963
후원자/NOUN,1964
후임/NOUN,1965
훈련/NOUN,1966
휴가/NOUN,1967
휴대/NOUN,1968
휴대폰/NOUN,1969
휴면/NOUN,1970
흐름/NOUN,1971
흡수/NOUN,1972
희곡/NOUN,1973
히타이트/NOUN,1974
히트/NOUN,1975
힙합/NOUN,1976
/ADJ,50001
갖은/ADJ,50002
같다/ADJ,50003
같아/ADJ,50004
고/ADJ,50005
그런/ADJ,50006
다른/ADJ,50007
단/ADJ,50008
또다른/ADJ,50009
많다/ADJ,50010
메인/ADJ,50011
무한/ADJ,50012
별/ADJ,50013
산/ADJ,50014
상당/ADJ,50015
새/ADJ,50016
아무런/ADJ,50017
아프리칸/ADJ,50018
없다/ADJ,50019
없었다/ADJ,50020
여러/ADJ,50021
옛/ADJ,50022
오랜/ADJ,50023
요/ADJ,50024
유명/ADJ,50025
이따위/ADJ,50026
이런/ADJ,50027
있다/ADJ,50028
있었다/ADJ,50029
저런/ADJ,50030
친/ADJ,50031
타/ADJ,50032
특정/ADJ,50033
